timestamp,mean
2023-01-07,96.93184
2023-01-08,96.70214
2023-01-09,96.771614
2023-01-10,96.89575
2023-01-11,96.89372
2023-01-12,96.865585
2023-01-13,96.88922
2023-01-14,96.869576
2023-01-15,96.96588
2023-01-16,97.21272
2023-01-17,97.31776
2023-01-18,97.35554
2023-01-19,97.6535
2023-01-20,97.91676
2023-01-21,97.550964
2023-01-22,97.500595
2023-01-23,97.59119
2023-01-24,97.73999
2023-01-25,97.74283
2023-01-26,97.6797
2023-01-27,97.47917
2023-01-28,97.20425
2023-01-29,97.20496
2023-01-30,97.499626
2023-01-31,97.666306
2023-02-01,98.00739
2023-02-02,98.21478
2023-02-03,98.35382
2023-02-04,98.003006
2023-02-05,97.53007
2023-02-06,97.608315
2023-02-07,97.80295
2023-02-08,97.8393
2023-02-09,97.98537
2023-02-10,97.993835
2023-02-11,97.76457
2023-02-12,97.789116
2023-02-13,98.180046
2023-02-14,98.16707
2023-02-15,98.248764
2023-02-16,98.22044
2023-02-17,98.08979
2023-02-18,97.94762
2023-02-19,97.87548
2023-02-20,97.892944
2023-02-21,97.88516
2023-02-22,98.054855
2023-02-23,98.39506
2023-02-24,98.44371
2023-02-25,98.289566
2023-02-26,98.09519
2023-02-27,98.25144
2023-02-28,98.469185
2023-03-01,98.48784
2023-03-02,98.56068
2023-03-03,98.48904
2023-03-04,98.34926
2023-03-05,98.32936
2023-03-06,98.45848
2023-03-07,98.64331
2023-03-08,98.743286
2023-03-09,98.865234
2023-03-10,98.59624
2023-03-11,98.401024
2023-03-12,98.53915
2023-03-13,98.478386
2023-03-14,98.47883
2023-03-15,98.42433
2023-03-16,98.25969
2023-03-17,98.27683
2023-03-18,98.46293
2023-03-19,98.561775
2023-03-20,98.56267
2023-03-21,98.58857
2023-03-22,98.81905
2023-03-23,98.7781
2023-03-24,98.44817
2023-03-25,98.47134
2023-03-26,98.684814
2023-03-27,98.95519
2023-03-28,98.91095
2023-03-29,99.01424
2023-03-30,99.16205
2023-03-31,98.99949
2023-04-01,98.80035
2023-04-02,98.82822
2023-04-03,99.02886
2023-04-04,99.0259
2023-04-05,98.90509
2023-04-06,99.03924
2023-04-07,99.20465
2023-04-08,99.30167
2023-04-09,99.19418
2023-04-10,99.08852
2023-04-11,99.34022
2023-04-12,99.32152
2023-04-13,99.10813
2023-04-14,99.08427
2023-04-15,99.21005
2023-04-16,99.30802
2023-04-17,99.19952
2023-04-18,99.067505
2023-04-19,99.136665
2023-04-20,99.25299
2023-04-21,99.110756
2023-04-22,99.13423
2023-04-23,99.45525
2023-04-24,99.40841
2023-04-25,99.25472
2023-04-26,99.27753
2023-04-27,99.55893
2023-04-28,99.544846
2023-04-29,99.38376
2023-04-30,99.50943
2023-05-01,99.63267
2023-05-02,99.634415
2023-05-03,99.555954
2023-05-04,99.418625
2023-05-05,99.5614
2023-05-06,99.43959
2023-05-07,99.49586
2023-05-08,99.44944
2023-05-09,99.6909
2023-05-10,99.681366
2023-05-11,99.4677
2023-05-12,99.38046
2023-05-13,99.41242
2023-05-14,99.59776
2023-05-15,99.813736
2023-05-16,99.59249
2023-05-17,99.67822
2023-05-18,99.70065
2023-05-19,99.411865
2023-05-20,99.47909
2023-05-21,99.74017
2023-05-22,99.748985
2023-05-23,99.57716
2023-05-24,99.63417
2023-05-25,99.83102
2023-05-26,99.75614
2023-05-27,99.44206
2023-05-28,99.50639
2023-05-29,99.72501
2023-05-30,99.98516
2023-05-31,99.85674
2023-06-01,99.93658
2023-06-02,100.14734
2023-06-03,100.04206
2023-06-04,99.76656
2023-06-05,99.89486
2023-06-06,100.18828
2023-06-07,100.2819
2023-06-08,100.04921
2023-06-09,99.972626
2023-06-10,100.08888
2023-06-11,100.28824
2023-06-12,100.062164
2023-06-13,100.02933
2023-06-14,100.23543
2023-06-15,100.22117
2023-06-16,99.92328
2023-06-17,99.980804
2023-06-18,100.26613
2023-06-19,100.16259
2023-06-20,99.8824
2023-06-21,99.908005
2023-06-22,100.00499
2023-06-23,100.148056
2023-06-24,99.935165
2023-06-25,100.05863
2023-06-26,100.469734
2023-06-27,100.372826
2023-06-28,100.0972
2023-06-29,100.124504
2023-06-30,100.442406
2023-07-01,100.5429
2023-07-02,100.279106
2023-07-03,100.32651
2023-07-04,100.459595
2023-07-05,100.59181
2023-07-06,100.46838
2023-07-07,100.629295
2023-07-08,100.87907
2023-07-09,100.762375
2023-07-10,100.65467
2023-07-11,100.451775
2023-07-12,100.56915
2023-07-13,100.68033
2023-07-14,100.57941
2023-07-15,100.744995
2023-07-16,100.519516
2023-07-17,100.89909
2023-07-18,100.87672
2023-07-19,100.58491
2023-07-20,100.64882
2023-07-21,100.67302
2023-07-22,100.35988
2023-07-23,100.39514
2023-07-24,100.68955
2023-07-25,100.69232
2023-07-26,100.4875
2023-07-27,100.57739
2023-07-28,100.80544
2023-07-29,100.7749
2023-07-30,100.49363
2023-07-31,100.53207
2023-08-01,100.69721
2023-08-02,100.90873
2023-08-03,100.79426
2023-08-04,100.87199
2023-08-05,101.07593
2023-08-06,100.95796
2023-08-07,100.666016
2023-08-08,100.61034
2023-08-09,100.70152
2023-08-10,100.75867
2023-08-11,100.58006
2023-08-12,100.63304
2023-08-13,100.85915
2023-08-14,101.03965
2023-08-15,100.74536
2023-08-16,100.53857
2023-08-17,100.83917
2023-08-18,100.86509
2023-08-19,100.67832
2023-08-20,100.723
2023-08-21,101.03109
2023-08-22,100.94821
2023-08-23,100.64527
2023-08-24,100.56448
2023-08-25,100.56475
2023-08-26,100.64259
2023-08-27,100.46573
2023-08-28,100.57954
2023-08-29,100.92746
2023-08-30,100.6729
2023-08-31,100.29348
2023-09-01,100.318375
2023-09-02,100.67883
2023-09-03,100.818344
2023-09-04,100.648186
2023-09-05,100.66586
2023-09-06,100.83234
2023-09-07,100.938736
2023-09-08,100.69252
2023-09-09,100.54428
2023-09-10,100.81909
2023-09-11,100.78842
2023-09-12,100.60806
2023-09-13,100.56456
2023-09-14,100.74064
2023-09-15,100.77206
2023-09-16,100.451126
2023-09-17,100.546875
2023-09-18,100.69781
2023-09-19,100.92254
2023-09-20,100.77638
2023-09-21,100.50379
2023-09-22,100.58274
2023-09-23,100.62468
2023-09-24,100.34497
2023-09-25,100.40907
2023-09-26,100.64267
2023-09-27,100.672745
2023-09-28,100.45855
2023-09-29,100.61269
2023-09-30,100.87833
2023-10-01,100.8209
2023-10-02,100.444565
2023-10-03,100.4481
2023-10-04,100.6574
2023-10-05,100.912476
2023-10-06,100.77711
2023-10-07,100.80646
2023-10-08,100.97645
2023-10-09,100.90448
2023-10-10,100.61171
2023-10-11,100.5537
2023-10-12,100.684044
2023-10-13,100.750374
2023-10-14,100.55037
2023-10-15,100.60271
2023-10-16,100.859695
2023-10-17,101.0454
2023-10-18,100.713806
2023-10-19,100.53177
2023-10-20,100.83255
2023-10-21,100.91942
2023-10-22,100.63821
2023-10-23,100.72344
2023-10-24,101.0732
2023-10-25,101.11233
2023-10-26,101.01966
2023-10-27,100.86467
2023-10-28,100.932144
2023-10-29,100.985054
2023-10-30,100.9039
2023-10-31,101.09866
2023-11-01,101.31756
2023-11-02,101.166985
2023-11-03,100.64542
2023-11-04,100.72988
2023-11-05,100.991264
2023-11-06,100.980736
2023-11-07,100.79813
2023-11-08,100.80505
2023-11-09,100.98921
2023-11-10,101.11268
2023-11-11,100.86537
2023-11-12,100.74161
2023-11-13,100.95022
2023-11-14,100.951836
2023-11-15,100.782295
2023-11-16,100.75348
2023-11-17,100.942276
2023-11-18,100.93382
2023-11-19,100.56162
2023-11-20,100.604004
2023-11-21,100.86286
2023-11-22,101.21908
2023-11-23,100.66304
2023-11-24,100.41438
2023-11-25,100.53293
2023-11-26,100.62432
2023-11-27,100.34275
2023-11-28,100.380486
2023-11-29,100.5793
2023-11-30,100.56938
2023-12-01,100.36936
2023-12-02,100.52197
2023-12-03,100.781044
2023-12-04,100.73586
2023-12-05,100.39147
2023-12-06,100.424576
2023-12-07,100.620705
2023-12-08,100.885155
2023-12-09,100.7849
2023-12-10,100.81172
2023-12-11,100.98285
2023-12-12,100.938065
2023-12-13,100.67011
2023-12-14,100.55667
2023-12-15,100.6741
2023-12-16,100.76483
2023-12-17,100.57446
2023-12-18,100.62902
2023-12-19,100.89905
2023-12-20,101.07939
2023-12-21,100.74601
2023-12-22,100.585464
2023-12-23,100.88811
2023-12-24,100.970184
2023-12-25,100.727875
2023-12-26,100.79865
2023-12-27,101.1147
2023-12-28,100.99689
2023-12-29,100.68905
2023-12-30,100.59599
2023-12-31,100.6181
2024-01-01,100.749756
2024-01-02,100.582146
2024-01-03,100.64736
2024-01-04,100.933556
2024-01-05,100.76097
2024-01-06,100.36931
2024-01-07,100.35774
2024-01-08,100.80312
2024-01-09,101.246445
2024-01-10,100.86928
2024-01-11,100.85754
2024-01-12,101.17424
2024-01-13,101.10594
2024-01-14,100.93066
2024-01-15,100.79788
2024-01-16,100.97157
2024-01-17,100.819435
2024-01-18,100.69317
2024-01-19,100.66632
2024-01-20,100.757095
2024-01-21,100.76179
2024-01-22,100.368286
2024-01-23,100.38072
2024-01-24,100.67941
2024-01-25,101.06569
2024-01-26,100.59334
2024-01-27,100.33484
2024-01-28,100.46358
2024-01-29,100.57826
2024-01-30,100.30564
2024-01-31,100.30738
2024-02-01,100.55787
2024-02-02,100.630226
2024-02-03,100.3995
2024-02-04,100.50576
2024-02-05,100.78356
2024-02-06,100.76087
2024-02-07,100.39879
2024-02-08,100.4385
2024-02-09,100.65522
2024-02-10,100.902306
2024-02-11,100.78561
2024-02-12,100.81837
2024-02-13,101.043205
2024-02-14,101.00593
2024-02-15,100.724144
2024-02-16,100.621506
2024-02-17,100.76605
2024-02-18,100.854965
2024-02-19,100.653885
2024-02-20,100.727776
2024-02-21,101.01069
2024-02-22,101.237045
2024-02-23,100.9129
2024-02-24,100.70561
2024-02-25,101.015
2024-02-26,101.15309
2024-02-27,100.92506
2024-02-28,100.96476
2024-02-29,101.30839
2024-03-01,101.20047
2024-03-02,100.85169
2024-03-03,100.73514
2024-03-04,100.75607
2024-03-05,100.89782
2024-03-06,100.714
2024-03-07,100.765686
2024-03-08,101.09856
2024-03-09,100.951515
2024-03-10,100.53842
2024-03-11,100.51222
2024-03-12,100.96979
2024-03-13,101.24067
2024-03-14,100.94973
2024-03-15,100.9534
2024-03-16,101.34257
2024-03-17,101.43217
2024-03-18,101.240974
2024-03-19,101.10868
2024-03-20,101.307274
2024-03-21,101.168015
2024-03-22,101.027534
2024-03-23,100.994606
2024-03-24,101.0274
2024-03-25,101.02715
2024-03-26,100.70607
2024-03-27,100.57672
2024-03-28,100.86011
2024-03-29,101.23205
2024-03-30,100.61142
2024-03-31,100.36277
2024-04-01,100.51983
2024-04-02,100.62871
2024-04-03,100.311905
2024-04-04,100.29244
2024-04-05,100.539276
2024-04-06,100.624466
2024-04-07,100.406784
2024-04-08,100.51322
2024-04-09,100.807755
2024-04-10,100.81763
2024-04-11,100.43691
2024-04-12,100.4494
2024-04-13,100.70516
2024-04-14,101.01567
2024-04-15,100.88139
2024-04-16,100.85949
2024-04-17,101.07412
2024-04-18,101.07539
2024-04-19,100.79363
2024-04-20,100.6653
2024-04-21,100.81392
2024-04-22,100.91184
2024-04-23,100.6905
2024-04-24,100.74733
2024-04-25,101.01237
2024-04-26,101.22763
2024-04-27,100.88515
2024-04-28,100.698456
2024-04-29,101.01791
2024-04-30,101.22215
2024-05-01,101.02841
2024-05-02,101.08334
2024-05-03,101.43136
2024-05-04,101.35683
2024-05-05,101.016754
2024-05-06,100.88039
2024-05-07,100.91781
2024-05-08,101.102036
2024-05-09,100.929665
2024-05-10,100.973564
2024-05-11,101.30892
2024-05-12,101.19515
2024-05-13,100.76216
2024-05-14,100.71851
2024-05-15,101.16618
2024-05-16,101.34186
2024-05-17,101.1279
2024-05-18,101.11038
2024-05-19,101.39749
2024-05-20,101.59848
2024-05-21,101.44167
2024-05-22,101.458115
2024-05-23,101.61838
2024-05-24,101.44244
2024-05-25,101.42757
2024-05-26,101.46505
2024-05-27,101.4699
2024-05-28,101.47606
2024-05-29,101.24714
2024-05-30,100.98052
2024-05-31,101.276245
2024-06-01,101.66868
2024-06-02,101.03506
2024-06-03,100.77599
2024-06-04,100.964294
2024-06-05,101.09144
2024-06-06,100.7655
2024-06-07,100.715485
2024-06-08,100.96614
2024-06-09,101.040825
2024-06-10,100.8127
2024-06-11,100.88909
2024-06-12,101.18307
2024-06-13,101.21604
2024-06-14,100.85802
2024-06-15,100.84669
2024-06-16,101.1028
2024-06-17,101.442154
2024-06-18,101.342224
2024-06-19,101.30254
2024-06-20,101.50311
2024-06-21,101.52773
2024-06-22,101.26479
2024-06-23,101.10529
2024-06-24,101.23648
2024-06-25,101.37397
2024-06-26,101.16662
2024-06-27,101.209366
2024-06-28,101.48932
2024-06-29,101.72494
2024-06-30,101.388916
2024-07-01,101.17177
2024-07-02,101.48736
2024-07-03,101.70219
2024-07-04,101.51221
2024-07-05,101.55268
2024-07-06,101.89418
2024-07-07,101.85072
2024-07-08,101.52463
2024-07-09,101.3747
2024-07-10,101.406654
2024-07-11,101.60457
2024-07-12,101.46267
2024-07-13,101.492714
2024-07-14,101.82249
2024-07-15,101.72168
2024-07-16,101.30354
2024-07-17,101.228874
2024-07-18,101.67081
2024-07-19,101.90941
2024-07-20,101.71156
2024-07-21,101.66876
2024-07-22,101.96911
2024-07-23,102.18049
2024-07-24,101.97575
2024-07-25,101.86175
2024-07-26,102.09052
2024-07-27,102.00614
2024-07-28,101.85245
2024-07-29,101.821884
2024-07-30,101.869354
2024-07-31,101.944595
2024-08-01,101.59801
2024-08-02,101.511765
2024-08-03,101.85922
2024-08-04,102.306854
2024-08-05,101.57056
2024-08-06,101.31633
2024-08-07,101.49199
2024-08-08,101.6183
2024-08-09,101.29904
2024-08-10,101.237656
2024-08-11,101.516884
2024-08-12,101.632835
2024-08-13,101.387856
2024-08-14,101.44858
2024-08-15,101.728355
2024-08-16,101.74475
2024-08-17,101.37523
2024-08-18,101.37746
2024-08-19,101.647446
2024-08-20,101.96883
2024-08-21,101.83724
2024-08-22,101.795204
2024-08-23,102.00164
2024-08-24,102.00412
2024-08-25,101.72088
2024-08-26,101.59871
2024-08-27,101.75366
2024-08-28,101.90439
2024-08-29,101.69383
2024-08-30,101.72983
2024-08-31,101.99719
2024-09-01,102.26318
2024-09-02,101.929115
2024-09-03,101.69045
2024-09-04,102.01662
2024-09-05,102.254585
2024-09-06,102.03424
2024-09-07,102.07502
2024-09-08,102.43031
2024-09-09,102.38538
2024-09-10,102.03227
2024-09-11,101.876465
2024-09-12,101.91432
2024-09-13,102.110146
2024-09-14,102.06641
2024-09-15,102.07085
2024-09-16,102.35509
2024-09-17,102.27652
2024-09-18,102.12928
2024-09-19,102.01173
2024-09-20,102.48876
2024-09-21,102.639725
2024-09-22,102.419586
2024-09-23,102.41088
2024-09-24,102.58397
2024-09-25,102.66937
2024-09-26,102.41325
2024-09-27,102.24332
2024-09-28,102.46911
2024-09-29,102.508064
2024-09-30,102.32582
2024-10-01,102.273865
2024-10-02,102.473946
2024-10-03,102.53906
2024-10-04,102.139404
2024-10-05,102.091385
2024-10-06,102.44151
2024-10-07,102.893425
2024-10-08,102.03021
2024-10-09,101.80167
2024-10-10,101.97764
2024-10-11,102.109344
2024-10-12,101.788574
2024-10-13,101.76192
2024-10-14,102.03344
2024-10-15,102.13274
2024-10-16,101.89621
2024-10-17,101.9862
2024-10-18,102.26574
2024-10-19,102.30698
2024-10-20,101.95346
2024-10-21,101.96266
2024-10-22,102.225105
2024-10-23,102.569954
2024-10-24,102.44311
2024-10-25,102.39513
2024-10-26,102.567726
2024-10-27,102.57675
2024-10-28,102.31275
2024-10-29,102.193695
2024-10-30,102.3206
2024-10-31,102.45174
2024-11-01,102.24228
2024-11-02,102.29628
2024-11-03,102.56026
2024-11-04,102.80581
2024-11-05,102.4622
2024-11-06,102.25405
2024-11-07,102.5764
2024-11-08,102.829956
2024-11-09,102.62747
2024-11-10,102.68601
2024-11-11,103.021515
2024-11-12,102.968376
2024-11-13,102.62617
2024-11-14,102.47164
2024-11-15,102.519165
2024-11-16,102.733536
2024-11-17,102.68408
2024-11-18,102.67853
2024-11-19,102.91123
2024-11-20,102.81453
2024-11-21,102.65341
2024-11-22,102.58126
2024-11-23,103.03171
2024-11-24,103.22974
2024-11-25,103.00569
2024-11-26,102.975296
2024-11-27,103.13411
2024-11-28,103.240585
2024-11-29,102.98236
2024-11-30,102.82312
2024-12-01,103.02939
2024-12-02,103.06598
2024-12-03,102.8942
2024-12-04,102.86201
2024-12-05,103.059975
2024-12-06,103.145775
2024-12-07,102.750496
2024-12-08,102.71848
2024-12-09,103.09096
2024-12-10,103.55904
2024-12-11,102.61621
2024-12-12,102.413895
2024-12-13,102.578064
2024-12-14,102.71985
2024-12-15,102.41078
2024-12-16,102.394585
2024-12-17,102.65677
2024-12-18,102.74236
2024-12-19,102.50842
2024-12-20,102.609535
2024-12-21,102.897575
2024-12-22,102.97357
2024-12-23,102.62225
2024-12-24,102.64414
2024-12-25,102.88399
2024-12-26,103.21176
2024-12-27,103.08487
2024-12-28,103.05039
2024-12-29,103.2222
2024-12-30,103.219696
2024-12-31,102.93725
2025-01-01,102.82359
2025-01-02,102.95392
2025-01-03,103.09485
2025-01-04,102.87474
2025-01-05,102.94273
2025-01-06,103.20178
2025-01-07,103.44907
2025-01-08,103.117004
2025-01-09,102.931526
2025-01-10,103.25447
2025-01-11,103.49092
2025-01-12,103.29639
2025-01-13,103.36556
2025-01-14,103.68275
2025-01-15,103.628944
2025-01-16,103.27742
2025-01-17,103.13245
2025-01-18,103.183464
2025-01-19,103.401764
2025-01-20,103.25654
2025-01-21,103.269936
2025-01-22,103.54917
2025-01-23,103.4616
2025-01-24,103.158714
2025-01-25,103.06231
2025-01-26,103.4905
2025-01-27,103.85465
2025-01-28,103.618164
2025-01-29,103.59496
2025-01-30,103.758385
2025-01-31,103.92064
2025-02-01,103.6689
2025-02-02,103.52326
2025-02-03,103.720276
2025-02-04,103.72807
2025-02-05,103.548134
2025-02-06,103.5346
2025-02-07,103.73584
2025-02-08,103.8202
2025-02-09,103.398636
2025-02-10,103.37758
2025-02-11,103.74916
2025-02-12,104.20631
2025-02-13,103.23712
2025-02-14,103.03455
2025-02-15,103.19085
2025-02-16,103.33459
2025-02-17,103.019516
2025-02-18,102.996994
2025-02-19,103.25857
2025-02-20,103.35425
2025-02-21,103.127174
2025-02-22,103.2295
2025-02-23,103.51375
2025-02-24,103.60496
2025-02-25,103.25689
2025-02-26,103.28213
2025-02-27,103.50347
2025-02-28,103.81681
2025-03-01,103.673965
2025-03-02,103.62918
2025-03-03,103.78883
2025-03-04,103.78957
2025-03-05,103.500565
2025-03-06,103.39719
2025-03-07,103.53812
2025-03-08,103.69213
2025-03-09,103.46587
2025-03-10,103.53533
2025-03-11,103.7866
2025-03-12,104.04052
2025-03-13,103.706726
2025-03-14,103.5231
2025-03-15,103.85022
2025-03-16,104.10805
2025-03-17,103.91723
2025-03-18,103.980736
2025-03-19,104.28509
2025-03-20,104.242096
2025-03-21,103.94795
2025-03-22,103.752975
2025-03-23,103.83061
2025-03-24,104.06682
2025-03-25,104.036156
2025-03-26,104.12307
2025-03-27,104.307396
2025-03-28,104.24414
2025-03-29,103.8021
2025-03-30,103.86133
2025-03-31,104.26753
2025-04-01,104.35511
2025-04-02,104.159134
2025-04-03,104.14399
2025-04-04,104.338684
2025-04-05,104.5183
2025-04-06,104.25969
2025-04-07,104.11559
2025-04-08,104.31
2025-04-09,104.32444
2025-04-10,104.14537
2025-04-11,104.138725
2025-04-12,104.340965
2025-04-13,104.433876
2025-04-14,104.00823
2025-04-15,103.99127
2025-04-16,104.35251
2025-04-17,104.805115
2025-04-18,104.4608
2025-04-19,104.27479
2025-04-20,104.44554
2025-04-21,104.54127
2025-04-22,104.10786
2025-04-23,104.10444
2025-04-24,104.43851
2025-04-25,104.55723
2025-04-26,104.280945
2025-04-27,104.389885
2025-04-28,104.64353
2025-04-29,104.72055
2025-04-30,104.29404
2025-05-01,104.31624
2025-05-02,104.58369
2025-05-03,104.82727
2025-05-04,104.54785
2025-05-05,104.502205
2025-05-06,104.69288
2025-05-07,104.715416
2025-05-08,104.3504
2025-05-09,104.30783
2025-05-10,104.47983
2025-05-11,104.64004
2025-05-12,104.2775
2025-05-13,104.26918
2025-05-14,104.50488
2025-05-15,104.75494
2025-05-16,104.38715
2025-05-17,104.23236
2025-05-18,104.58468
2025-05-19,104.839554
2025-05-20,104.67165
2025-05-21,104.71535
2025-05-22,104.96376
2025-05-23,105.05562
2025-05-24,104.561134
2025-05-25,104.465866
2025-05-26,104.530815
2025-05-27,104.691986
2025-05-28,104.52563
2025-05-29,104.65075
2025-05-30,104.85115
2025-05-31,104.85915
2025-06-01,104.44399
2025-06-02,104.451195
2025-06-03,104.930664
2025-06-04,105.29338
2025-06-05,105.02346
2025-06-06,105.04511
2025-06-07,105.18321
2025-06-08,105.28557
2025-06-09,104.97616
2025-06-10,104.943214
2025-06-11,105.24144
2025-06-12,105.149826
2025-06-13,104.974945
2025-06-14,105.06696
2025-06-15,105.39627
2025-06-16,105.44316
2025-06-17,104.998314
2025-06-18,105.07572
2025-06-19,105.44998
2025-06-20,105.90432
2025-06-21,105.64695
2025-06-22,105.44738
2025-06-23,105.61539
2025-06-24,105.68523
2025-06-25,105.2166
2025-06-26,105.22526
2025-06-27,105.58682
2025-06-28,105.71414
2025-06-29,105.44267
2025-06-30,105.53984
2025-07-01,105.78493
2025-07-02,105.85415
2025-07-03,105.470085
2025-07-04,105.502426
2025-07-05,105.83191
2025-07-06,106.090836
2025-07-07,105.7479
2025-07-08,105.70279
2025-07-09,105.8643
2025-07-10,105.92578
2025-07-11,105.51191
2025-07-12,105.54375
2025-07-13,105.70998
2025-07-14,105.850334
2025-07-15,105.42611
2025-07-16,105.38629
2025-07-17,105.63858
2025-07-18,105.900986
2025-07-19,105.47559
2025-07-20,105.39804
2025-07-21,105.71566
2025-07-22,105.9183
2025-07-23,105.68083
2025-07-24,105.69653
2025-07-25,105.93137
2025-07-26,106.04237
2025-07-27,105.52851
2025-07-28,105.43541
2025-07-29,105.5087
2025-07-30,105.63446
2025-07-31,105.46135
2025-08-01,105.6252
2025-08-02,105.84448
2025-08-03,105.83919
2025-08-04,105.407455
2025-08-05,105.41148
2025-08-06,105.89247
2025-08-07,106.320656
2025-08-08,106.01171
2025-08-09,106.06593
2025-08-10,106.1832
2025-08-11,106.360886
2025-08-12,106.121086
2025-08-13,106.10818
2025-08-14,106.46802
2025-08-15,106.34234
2025-08-16,106.23129
2025-08-17,106.263916
2025-08-18,106.573555
2025-08-19,106.74244
2025-08-20,106.486786
2025-08-21,106.5558
2025-08-22,106.86345
2025-08-23,107.37092
2025-08-24,107.12878
2025-08-25,106.93689
2025-08-26,107.1107
2025-08-27,107.17783
2025-08-28,106.692085
2025-08-29,106.72715
2025-08-30,107.1019
2025-08-31,107.24766
2025-09-01,106.97719
2025-09-02,107.07947
2025-09-03,107.31851
2025-09-04,107.512825
2025-09-05,107.10633
2025-09-06,107.176125
2025-09-07,107.46206
2025-09-08,107.715645
2025-09-09,107.341545
2025-09-10,107.2952
2025-09-11,107.43341
2025-09-12,107.49925
2025-09-13,107.09895
2025-09-14,107.15864
2025-09-15,107.31801
2025-09-16,107.48051
2025-09-17,107.019905
2025-09-18,107.07013
2025-09-19,107.22563
2025-09-20,107.47229
2025-09-21,107.189674
2025-09-22,107.233185
2025-09-23,107.54312
2025-09-24,107.67365
2025-09-25,107.319176
2025-09-26,107.273735
2025-09-27,107.501564
2025-09-28,107.63096
2025-09-29,107.1587
2025-09-30,107.09465
2025-10-01,107.18077
2025-10-02,107.39454
2025-10-03,107.18184
2025-10-04,107.40865
2025-10-05,107.55893
2025-10-06,107.50444
2025-10-07,107.193695
2025-10-08,107.20416
2025-10-09,107.63691
2025-10-10,108.25358
2025-10-11,107.84098
2025-10-12,107.89604
2025-10-13,108.01517
2025-10-14,108.30006
2025-10-15,108.0271
2025-10-16,107.97764
2025-10-17,108.37581
2025-10-18,108.39196
2025-10-19,108.29219
2025-10-20,108.20111
2025-10-21,108.41043
2025-10-22,108.58097
2025-10-23,108.12916
2025-10-24,108.20453
2025-10-25,108.67819
2025-10-26,109.12779
2025-10-27,108.84655
2025-10-28,108.64491
2025-10-29,108.82248
2025-10-30,108.98102
2025-10-31,108.627045
2025-11-01,108.58814
2025-11-02,108.9979
2025-11-03,109.24238
2025-11-04,108.9402
2025-11-05,109.034515
2025-11-06,109.26449
2025-11-07,109.36455
2025-11-08,108.95212
2025-11-09,108.92064
2025-11-10,109.22296
2025-11-11,109.60113
2025-11-12,109.20512
2025-11-13,109.14198
2025-11-14,109.286125
2025-11-15,109.36882
2025-11-16,109.05163
2025-11-17,109.18013
2025-11-18,109.393364
2025-11-19,109.55818
2025-11-20,109.074234
2025-11-21,109.048874
2025-11-22,109.29088
2025-11-23,109.575676
2025-11-24,109.23641
2025-11-25,109.184845
2025-11-26,109.416565
2025-11-27,109.77839
2025-11-28,109.56676
2025-11-29,109.55301
2025-11-30,109.68364
2025-12-01,109.77823
2025-12-02,109.41242
2025-12-03,109.255905
2025-12-04,109.3767
2025-12-05,109.56882
2025-12-06,109.422714
2025-12-07,109.52785
2025-12-08,109.78843
2025-12-09,109.78145
2025-12-10,109.36804
2025-12-11,109.390274
2025-12-12,109.94471
2025-12-13,110.35541
2025-12-14,110.03963
2025-12-15,110.02988
2025-12-16,110.321465
2025-12-17,110.40929
2025-12-18,110.03324
2025-12-19,109.95662
2025-12-20,110.32032
2025-12-21,110.46569
2025-12-22,110.27788
2025-12-23,110.22629
2025-12-24,110.51606
2025-12-25,110.60312
2025-12-26,110.095
2025-12-27,110.05416
2025-12-28,110.511024
2025-12-29,110.96201
2025-12-30,111.046524
2025-12-31,110.79119
2026-01-01,110.985176
2026-01-02,111.09271
2026-01-03,110.634735
2026-01-04,110.606415
2026-01-05,111.04432
2026-01-06,111.35424
2026-01-07,111.210686
2026-01-08,111.15987
2026-01-09,111.36256
2026-01-10,111.477005
2026-01-11,111.05925
2026-01-12,111.1535
2026-01-13,111.614426
2026-01-14,111.9937
2026-01-15,111.606834
2026-01-16,111.50311
2026-01-17,111.68065
2026-01-18,111.71153
2026-01-19,111.44202
2026-01-20,111.483116
2026-01-21,111.718475
2026-01-22,111.7977
2026-01-23,111.31568
2026-01-24,111.25075
2026-01-25,111.50729
2026-01-26,111.67358
2026-01-27,111.42814
2026-01-28,111.34273
2026-01-29,111.67263
2026-01-30,111.96533
2026-01-31,111.70608
2026-02-01,111.63109
2026-02-02,111.76292
2026-02-03,112.00401
2026-02-04,111.59073
2026-02-05,111.45497
2026-02-06,111.621956
2026-02-07,111.8551
2026-02-08,111.74649
2026-02-09,111.9108
2026-02-10,112.07894
2026-02-11,112.05492
2026-02-12,111.76128
2026-02-13,111.80453
2026-02-14,112.27194
2026-02-15,112.59685
2026-02-16,112.21692
2026-02-17,112.21948
2026-02-18,112.50352
2026-02-19,112.571655
2026-02-20,112.192566
2026-02-21,112.09886
2026-02-22,112.55885
2026-02-23,112.70453
2026-02-24,112.469574
2026-02-25,112.46594
2026-02-26,112.69705
2026-02-27,112.81826
2026-02-28,112.223076
2026-03-01,112.255585
2026-03-02,112.690506
2026-03-03,113.17241
2026-03-04,113.37561
2026-03-05,113.18995
2026-03-06,113.401
2026-03-07,113.56402
2026-03-08,113.10064
2026-03-09,113.14897
2026-03-10,113.51698
2026-03-11,113.947845
2026-03-12,113.70488
2026-03-13,113.752464
2026-03-14,113.969185
2026-03-15,114.06741
2026-03-16,113.65315
2026-03-17,113.74328
2026-03-18,113.980255
2026-03-19,114.31297
2026-03-20,113.88948
2026-03-21,113.868675
2026-03-22,114.10598
2026-03-23,114.17401
2026-03-24,113.830414
2026-03-25,113.86386
2026-03-26,114.12956
2026-03-27,114.2422
2026-03-28,113.72824
2026-03-29,113.74011
2026-03-30,114.0115
2026-03-31,114.2764
2026-04-01,113.91455
2026-04-02,113.822365
2026-04-03,114.21796
2026-04-04,114.5674
2026-04-05,114.20626
2026-04-06,114.24538
2026-04-07,114.424576
2026-04-08,114.5931
2026-04-09,114.15837
2026-04-10,114.015076
2026-04-11,114.11563
2026-04-12,114.27994
2026-04-13,114.04832
2026-04-14,114.17146
2026-04-15,114.461044
2026-04-16,114.55782
2026-04-17,114.076614
2026-04-18,114.13775
2026-04-19,114.65525
2026-04-20,114.88868
